{"train/loss": 0.3085, "train/learning_rate": 8.000000000000001e-07, "train/epoch": 2.0, "train/global_step": 250, "_timestamp": 1705073762.9069023, "_runtime": 120.6492292881012, "_step": 15, "eval/loss": 0.46039170026779175, "eval/accuracy": 0.79, "eval/runtime": 1.5356, "eval/samples_per_second": 65.12, "eval/steps_per_second": 8.466, "train/train_runtime": 89.4722, "train/train_samples_per_second": 22.353, "train/train_steps_per_second": 2.794, "train/total_flos": 264934797312000.0, "train/train_loss": 0.4254007034301758, "precision_recall": {"_type": "table-file", "sha256": "14f4e9dc01f394c4fca71eb6390b1c1f14b99c59ba676ff29a831805b2d49566", "size": 1151, "artifact_path": "wandb-client-artifact://wdhvim7z1tsw5c988be8v34h3cvt2msggcyjfhv3giib38vzc0dqrymt2i3rl4e48p1s4bek4j3s5betxdh5gqok2e58qbiw3pl07w6707k1akf7qjf3izru8i2i1yg2:latest/precision_recall.table.json", "_latest_artifact_path": "wandb-client-artifact://wdhvim7z1tsw5c988be8v34h3cvt2msggcyjfhv3giib38vzc0dqrymt2i3rl4e48p1s4bek4j3s5betxdh5gqok2e58qbiw3pl07w6707k1akf7qjf3izru8i2i1yg2:latest/precision_recall.table.json", "path": "media/table/precision_recall_15_14f4e9dc01f394c4fca7.table.json", "ncols": 3, "nrows": 40}, "_wandb": {"runtime": 120}}