{"train/loss": 0.4291, "train/learning_rate": 8.000000000000001e-07, "train/epoch": 1.0, "train/global_step": 125, "_timestamp": 1705069732.6731496, "_runtime": 706.8647646903992, "_step": 28, "eval/loss": 0.6714677214622498, "eval/accuracy": 0.71, "eval/runtime": 1.5853, "eval/samples_per_second": 63.081, "eval/steps_per_second": 8.201, "train/train_runtime": 52.3091, "train/train_samples_per_second": 19.117, "train/train_steps_per_second": 2.39, "train/total_flos": 132467398656000.0, "train/train_loss": 0.3304726848602295, "_wandb": {"runtime": 142}}